MovieID,Title,Year,Rating,Votes,Genres,Directors,Cast,Runtime,Box Office
1,Побег из Шоушенка,1994,9.3,10000000,"['Epic', 'Period Drama', 'Prison Drama', 'Drama']",['Frank Darabont'],"['Tim Robbins', 'Morgan Freeman', 'Bob Gunton']",142,29332836.0
2,Крестный отец,1972,9.2,10000000,"['Epic', 'Gangster', 'Tragedy', 'Crime', 'Drama']",['Francis Ford Coppola'],"['Marlon Brando', 'Al Pacino', 'James Caan']",175,250342198.0
3,Тёмный рыцарь,2008,9.0,10000000,"['Action Epic', 'Epic', 'Superhero', 'Tragedy', 'Action', 'Crime', 'Drama', 'Thriller']",['Christopher Nolan'],"['Christian Bale', 'Heath Ledger', 'Aaron Eckhart']",152,1012558979.0
4,Крестный отец 2,1974,9.0,10000000,"['Epic', 'Gangster', 'Tragedy', 'Crime', 'Drama']",['Francis Ford Coppola'],"['Al Pacino', 'Robert De Niro', 'Robert Duvall']",202,47983687.0
5,12 разгневанных мужчин,1957,9.0,10000000,"['Legal Drama', 'Psychological Drama', 'Crime', 'Drama']",['Sidney Lumet'],"['Henry Fonda', 'Lee J. Cobb', 'Martin Balsam']",96,2945.0
6,Властелин колец: Возвращение короля,2003,9.0,10000000,"['Action Epic', 'Adventure Epic', 'Epic', 'Fantasy Epic', 'Mountain Adventure', 'Quest', 'Sword & Sorcery', 'Tragedy', 'Adventure', 'Drama']",['Peter Jackson'],"['Elijah Wood', 'Viggo Mortensen', 'Ian McKellen']",201,1138585547.0
7,Список Шиндлера,1993,9.0,10000000,"['Docudrama', 'Epic', 'Historical Epic', 'Period Drama', 'Prison Drama', 'Tragedy', 'Biography', 'Drama', 'History']",['Steven Spielberg'],"['Liam Neeson', 'Ralph Fiennes', 'Ben Kingsley']",195,322161245.0
8,Криминальное чтиво,1994,8.9,10000000,"['Dark Comedy', 'Drug Crime', 'Gangster', 'Crime', 'Drama']",['Quentin Tarantino'],"['John Travolta', 'Uma Thurman', 'Samuel L. Jackson']",154,213928762.0
9,Властелин колец: Братство кольца,2001,8.9,10000000,"['Action Epic', 'Adventure Epic', 'Dark Fantasy', 'Epic', 'Fantasy Epic', 'Quest', 'Sword & Sorcery', 'Adventure', 'Drama', 'Fantasy']",['Peter Jackson'],"['Elijah Wood', 'Ian McKellen', 'Orlando Bloom']",178,888483037.0
10,"Хороший, плохой, злой",1966,8.8,10000000,"['Adventure Epic', 'Dark Comedy', 'Desert Adventure', 'Epic', 'Period Drama', 'Quest', 'Spaghetti Western', 'Western Epic', 'Adventure', 'Western']",['Sergio Leone'],"['Clint Eastwood', 'Eli Wallach', 'Lee Van Cleef']",161,25266106.0
11,Форрест Гамп,1994,8.8,10000000,"['Epic', 'Drama', 'Romance']",['Robert Zemeckis'],"['Tom Hanks', 'Robin Wright', 'Gary Sinise']",142,678226465.0
12,Властелин колец: Две крепости,2002,8.8,10000000,"['Action Epic', 'Adventure Epic', 'Dark Fantasy', 'Epic', 'Fantasy Epic', 'Quest', 'Sword & Sorcery', 'Adventure', 'Drama', 'Fantasy']",['Peter Jackson'],"['Elijah Wood', 'Ian McKellen', 'Viggo Mortensen']",179,938532865.0
13,Бойцовский клуб,1999,8.8,10000000,"['Psychological Drama', 'Psychological Thriller', 'Workplace Drama', 'Crime', 'Drama', 'Thriller']",['David Fincher'],"['Brad Pitt', 'Edward Norton', 'Meat Loaf']",139,101321009.0
14,Начало,2010,8.8,10000000,"['Action Epic', 'Adventure Epic', 'Epic', 'Psychological Thriller', 'Sci-Fi Epic', 'Action', 'Adventure', 'Sci-Fi', 'Thriller']",['Christopher Nolan'],"['Leonardo DiCaprio', 'Joseph Gordon-Levitt', 'Elliot Page']",148,839381898.0
15,Звёздные войны: Эпизод 5 - Империя наносит ответный удар,1980,8.7,10000000,"['Action Epic', 'Adventure Epic', 'Dark Fantasy', 'Dystopian Sci-Fi', 'Epic', 'Fantasy Epic', 'Quest', 'Sci-Fi Epic', 'Space Sci-Fi', 'Sword & Sorcery']",['Irvin Kershner'],"['Mark Hamill', 'Harrison Ford', 'Carrie Fisher']",124,550016086.0
16,Матрица,1999,8.7,10000000,"['Action Epic', 'Artificial Intelligence', 'Cyberpunk', 'Dystopian Sci-Fi', 'Gun Fu', 'Martial Arts', 'Sci-Fi Epic', 'Action', 'Sci-Fi']","['Lana Wachowski', 'Lilly Wachowski']","['Keanu Reeves', 'Laurence Fishburne', 'Carrie-Anne Moss']",136,467841735.0
17,Славные парни,1990,8.7,10000000,"['Docudrama', 'Gangster', 'True Crime', 'Biography', 'Crime', 'Drama']",['Martin Scorsese'],"['Robert De Niro', 'Ray Liotta', 'Joe Pesci']",145,47068004.0
18,Интерстеллар,2014,8.7,10000000,"['Adventure Epic', 'Epic', 'Quest', 'Sci-Fi Epic', 'Space Sci-Fi', 'Time Travel', 'Adventure', 'Drama', 'Sci-Fi']",['Christopher Nolan'],"['Matthew McConaughey', 'Anne Hathaway', 'Jessica Chastain']",169,758614115.0
19,Пролетая над гнездом кукушки,1975,8.7,10000000,"['Medical Drama', 'Psychological Drama', 'Drama']",['Milos Forman'],"['Jack Nicholson', 'Louise Fletcher', 'Michael Berryman']",133,109115366.0
20,Семь,1995,8.6,10000000,"['Cop Drama', 'Hard-boiled Detective', 'Police Procedural', 'Psychological Drama', 'Psychological Thriller', 'Serial Killer', 'Tragedy', 'Crime', 'Drama', 'Mystery']",['David Fincher'],"['Morgan Freeman', 'Brad Pitt', 'Kevin Spacey']",127,328981827.0
21,Эта замечательная жизнь,1946,8.6,10000000,"['Feel-Good Romance', 'Holiday Family', 'Holiday Romance', 'Psychological Drama', 'Supernatural Fantasy', 'Drama', 'Family', 'Fantasy', 'Holiday', 'Romance']",['Frank Capra'],"['James Stewart', 'Donna Reed', 'Lionel Barrymore']",130,10635461.0
22,Молчание ягнят,1991,8.6,10000000,"['Police Procedural', 'Psychological Drama', 'Psychological Horror', 'Psychological Thriller', 'Serial Killer', 'Slasher Horror', 'Crime', 'Drama', 'Horror', 'Thriller']",['Jonathan Demme'],"['Jodie Foster', 'Anthony Hopkins', 'Scott Glenn']",118,272742922.0
23,Семь самураев,1954,8.6,10000000,"['Action Epic', 'Epic', 'Period Drama', 'Samurai', 'Action', 'Drama']",['Akira Kurosawa'],"['Toshirô Mifune', 'Takashi Shimura', 'Keiko Tsushima']",207,1082148.0
24,Спасти рядового Райана,1998,8.6,10000000,"['Epic', 'Period Drama', 'War Epic', 'Drama', 'War']",['Steven Spielberg'],"['Tom Hanks', 'Matt Damon', 'Tom Sizemore']",169,482352390.0
25,Город Бога,2002,8.6,10000000,"['Caper', 'Coming-of-Age', 'Gangster', 'Crime', 'Drama']","['Fernando Meirelles', 'Kátia Lund']","['Alexandre Rodrigues', 'Leandro Firmino', 'Matheus Nachtergaele']",130,30681033.0
26,Зелёная миля,1999,8.6,10000000,"['Period Drama', 'Prison Drama', 'Supernatural Fantasy', 'Tragedy', 'Crime', 'Drama', 'Fantasy', 'Mystery']",['Frank Darabont'],"['Tom Hanks', 'Michael Clarke Duncan', 'David Morse']",189,286801374.0
27,Жизнь прекрасна,1997,8.6,10000000,"['Period Drama', 'Romantic Comedy', 'Tragedy', 'Tragic Romance', 'Comedy', 'Drama', 'Romance', 'War']",['Roberto Benigni'],"['Roberto Benigni', 'Nicoletta Braschi', 'Giorgio Cantarini']",116,230099013.0
28,Терминатор 2: Судный день,1991,8.6,10000000,"['Action Epic', 'Artificial Intelligence', 'Cyberpunk', 'Dystopian Sci-Fi', 'Sci-Fi Epic', 'Time Travel', 'Action', 'Adventure', 'Sci-Fi']",['James Cameron'],"['Arnold Schwarzenegger', 'Linda Hamilton', 'Edward Furlong']",137,517778573.0
29,Звёздные войны,1977,8.6,10000000,"['Action Epic', 'Adventure Epic', 'Dystopian Sci-Fi', 'Epic', 'Fantasy Epic', 'Quest', 'Sci-Fi Epic', 'Space Sci-Fi', 'Sword & Sorcery', 'Action']",['George Lucas'],"['Mark Hamill', 'Harrison Ford', 'Carrie Fisher']",121,775398507.0
30,Назад в будущее,1985,8.5,10000000,"['High-Concept Comedy', 'Teen Adventure', 'Teen Comedy', 'Time Travel', 'Urban Adventure', 'Adventure', 'Comedy', 'Sci-Fi']",['Robert Zemeckis'],"['Michael J. Fox', 'Christopher Lloyd', 'Lea Thompson']",116,385053307.0
31,Унесённые призраками,2001,8.6,10000000,"['Anime', 'Coming-of-Age', 'Fairy Tale', 'Hand-Drawn Animation', 'Quest', 'Supernatural Fantasy', 'Adventure', 'Animation', 'Family', 'Fantasy']",['Hayao Miyazaki'],"['Daveigh Chase', 'Suzanne Pleshette', 'Miyu Irino']",124,358914142.0
32,Пианист,2002,8.5,10000000,"['Docudrama', 'Epic', 'Period Drama', 'Tragedy', 'War Epic', 'Biography', 'Drama', 'Music', 'War']",['Roman Polanski'],"['Adrien Brody', 'Thomas Kretschmann', 'Frank Finlay']",150,120098945.0
33,Гладиатор,2000,8.5,10000000,"['Action Epic', 'Adventure Epic', 'Epic', 'Period Drama', 'Sword & Sandal', 'Action', 'Adventure', 'Drama']",['Ridley Scott'],"['Russell Crowe', 'Joaquin Phoenix', 'Connie Nielsen']",155,465516248.0
34,Паразиты,2019,8.5,10000000,"['Dark Comedy', 'Psychological Thriller', 'Tragedy', 'Drama', 'Thriller']",['Bong Joon Ho'],"['Song Kang-ho', 'Lee Sun-kyun', 'Cho Yeo-jeong']",132,262616458.0
35,Психо,1960,8.5,10000000,"['Dark Comedy', 'Psychological Horror', 'Psychological Thriller', 'Slasher Horror', 'Suspense Mystery', 'Drama', 'Horror', 'Mystery', 'Thriller']",['Alfred Hitchcock'],"['Anthony Perkins', 'Janet Leigh', 'Vera Miles']",109,32251723.0
36,Король Лев,1994,8.5,10000000,"['Animal Adventure', 'Coming-of-Age', 'Hand-Drawn Animation', 'Jungle Adventure', 'Adventure', 'Animation', 'Drama', 'Family', 'Fantasy', 'Musical']","['Roger Allers', 'Rob Minkoff']","['Matthew Broderick', 'Jeremy Irons', 'James Earl Jones']",88,979161373.0
37,Могила светлячков,1988,8.5,10000000,"['Adult Animation', 'Anime', 'Hand-Drawn Animation', 'Period Drama', 'Tragedy', 'Animation', 'Drama', 'War']",['Isao Takahata'],"['Tsutomu Tatsumi', 'Ayano Shiraishi', 'Akemi Yamaguchi']",88,839052.0
38,Отступники,2006,8.5,10000000,"['Cop Drama', 'Epic', 'Gangster', 'Crime', 'Drama', 'Thriller']",['Martin Scorsese'],"['Leonardo DiCaprio', 'Matt Damon', 'Jack Nicholson']",151,291481358.0
39,Одержимость,2014,8.5,10000000,"['Psychological Drama', 'Drama', 'Music']",['Damien Chazelle'],"['Miles Teller', 'J.K. Simmons', 'Melissa Benoist']",106,50360880.0
40,Харакири,1962,8.6,10000000,"['Period Drama', 'Drama', 'Mystery']",['Masaki Kobayashi'],"['Tatsuya Nakadai', 'Akira Ishihama', 'Shima Iwashita']",133,15222.0
41,Престиж,2006,8.5,10000000,"['Period Drama', 'Steampunk', 'Tragedy', 'Drama', 'Mystery', 'Sci-Fi', 'Thriller']",['Christopher Nolan'],"['Christian Bale', 'Hugh Jackman', 'Scarlett Johansson']",130,109676311.0
42,Американская история Икс,1998,8.5,10000000,"['Prison Drama', 'Psychological Drama', 'Tragedy', 'Crime', 'Drama']",['Tony Kaye'],"['Edward Norton', 'Edward Furlong', '""Beverly DAngelo""']",119,23875714.0
43,Леон,1994,8.5,10000000,"['Gangster', 'One-Person Army Action', 'Action', 'Crime', 'Drama', 'Thriller']",['Luc Besson'],"['Jean Reno', 'Gary Oldman', 'Natalie Portman']",110,20330788.0
44,Человек-паук: Паутина вселенных,2023,8.5,10000000,"['Computer Animation', 'Superhero', 'Supernatural Fantasy', 'Teen Adventure', 'Urban Adventure', 'Action', 'Adventure', 'Animation', 'Family', 'Fantasy']","['Joaquim Dos Santos', 'Kemp Powers', 'Justin K. Thompson']","['Shameik Moore', 'Hailee Steinfeld', 'Brian Tyree Henry']",140,690824738.0
45,Касабланка,1942,8.5,10000000,"['Psychological Drama', 'Drama', 'Romance', 'War']",['Michael Curtiz'],"['Humphrey Bogart', 'Ingrid Bergman', 'Paul Henreid']",102,4729846.0
46,Подозрительные лица,1995,8.5,10000000,"['Caper', 'Gangster', 'Heist', 'Psychological Drama', 'Psychological Thriller', 'Suspense Mystery', 'Whodunnit', 'Crime', 'Drama', 'Mystery']",['Bryan Singer'],"['Kevin Spacey', 'Gabriel Byrne', 'Chazz Palminteri']",106,23341568.0
47,1+1,2011,8.5,10000000,"['Docudrama', 'Comedy', 'Drama']","['Olivier Nakache', 'Éric Toledano']","['François Cluzet', 'Omar Sy', 'Anne Le Ny']",112,426590315.0
48,Новый кинотеатр «Парадизо»,1988,8.5,10000000,"['Coming-of-Age', 'Drama', 'Romance']",['Giuseppe Tornatore'],"['Philippe Noiret', 'Enzo Cannavale', 'Antonella Attili']",174,13030027.0
49,Чужой,1979,8.5,10000000,"['Alien Invasion', 'Cyberpunk', 'Monster Horror', 'Space Sci-Fi', 'Tragedy', 'Horror', 'Sci-Fi']",['Ridley Scott'],"['Sigourney Weaver', 'Tom Skerritt', 'John Hurt']",117,109102567.0
50,Новые времена,1936,8.5,10000000,"['Romantic Comedy', 'Satire', 'Slapstick', 'Comedy', 'Drama', 'Romance']",['Charles Chaplin'],"['Charles Chaplin', 'Paulette Goddard', 'Henry Bergman']",87,463618.0
51,Окно во двор,1954,8.5,10000000,"['Psychological Thriller', 'Suspense Mystery', 'Drama', 'Mystery', 'Thriller']",['Alfred Hitchcock'],"['James Stewart', 'Grace Kelly', 'Wendell Corey']",112,37905475.0
52,Однажды на Диком Западе,1968,8.5,10000000,"['Desert Adventure', 'Epic', 'Spaghetti Western', 'Western Epic', 'Drama', 'Western']",['Sergio Leone'],"['Henry Fonda', 'Charles Bronson', 'Claudia Cardinale']",166,5435312.0
53,Джанго освобождённый,2012,8.5,10000000,"['Dark Comedy', 'Epic', 'One-Person Army Action', 'Period Drama', 'Western Epic', 'Western']",['Quentin Tarantino'],"['Jamie Foxx', 'Christoph Waltz', 'Leonardo DiCaprio']",165,426076293.0
54,Огни большого города,1931,8.5,10000000,"['Feel-Good Romance', 'Romantic Comedy', 'Satire', 'Slapstick', 'Comedy', 'Drama', 'Romance']",['Charles Chaplin'],"['Charles Chaplin', 'Virginia Cherrill', 'Florence Lee']",87,55154.0
55,Апокалипсис сегодня,1979,8.4,10000000,"['Adventure Epic', 'Epic', 'Hard-boiled Detective', 'Psychological Drama', 'Quest', 'Suspense Mystery', 'War Epic', 'Drama', 'Mystery', 'War']",['Francis Ford Coppola'],"['Martin Sheen', 'Marlon Brando', 'Robert Duvall']",147,105088540.0
56,Дюна: Часть вторая,2024,8.5,10000000,"['Action Epic', 'Desert Adventure', 'Epic', 'Sci-Fi Epic', 'Space Sci-Fi', 'Action', 'Adventure', 'Drama', 'Sci-Fi']",['Denis Villeneuve'],"['Timothée Chalamet', 'Zendaya', 'Rebecca Ferguson']",166,714644358.0
57,ВАЛЛ·И,2008,8.4,10000000,"['Adventure Epic', 'Artificial Intelligence', 'Computer Animation', 'Dystopian Sci-Fi', 'Psychological Drama', 'Space Sci-Fi', 'Adventure', 'Animation', 'Family', 'Sci-Fi']",['Andrew Stanton'],"['Ben Burtt', 'Elissa Knight', 'Jeff Garlin']",98,527403656.0
58,Помни,2000,8.4,10000000,"['Psychological Thriller', 'Suspense Mystery', 'Mystery', 'Thriller']",['Christopher Nolan'],"['Guy Pearce', 'Carrie-Anne Moss', 'Joe Pantoliano']",113,40047236.0
59,Индиана Джонс: В поисках утраченного ковчега,1981,8.4,10000000,"['Adventure Epic', 'Desert Adventure', 'Globetrotting Adventure', 'Quest', 'Action', 'Adventure']",['Steven Spielberg'],"['Harrison Ford', 'Karen Allen', 'Paul Freeman']",115,389925971.0
60,Жизнь других,2006,8.4,10000000,"['Political Thriller', 'Psychological Drama', 'Spy', 'Drama', 'Mystery', 'Thriller']",['Florian Henckel von Donnersmarck'],"['Ulrich Mühe', 'Martina Gedeck', 'Sebastian Koch']",137,77672685.0
61,Мстители: Война бесконечности,2018,8.4,10000000,"['Space Sci-Fi', 'Superhero', 'Action', 'Adventure', 'Sci-Fi']","['Anthony Russo', 'Joe Russo']","['Robert Downey Jr.', 'Chris Hemsworth', 'Mark Ruffalo']",149,2052415039.0
62,Сансет бульвар,1950,8.4,10000000,"['Dark Comedy', 'Film Noir', 'Psychological Drama', 'Showbiz Drama', 'Tragedy', 'Drama']",['Billy Wilder'],"['William Holden', 'Gloria Swanson', 'Erich von Stroheim']",110,310112.0
63,Человек-паук: Через Вселенные,2018,8.4,10000000,"['Computer Animation', 'Superhero', 'Supernatural Fantasy', 'Teen Adventure', 'Teen Comedy', 'Urban Adventure', 'Action', 'Adventure', 'Animation', 'Comedy']","['Bob Persichetti', 'Peter Ramsey', 'Rodney Rothman']","['Shameik Moore', 'Jake Johnson', 'Hailee Steinfeld']",117,393602435.0
64,Свидетель обвинения,1957,8.4,10000000,"['Legal Drama', 'Legal Thriller', 'Whodunnit', 'Crime', 'Drama', 'Mystery', 'Thriller']",['Billy Wilder'],"['Tyrone Power', 'Marlene Dietrich', 'Charles Laughton']",116,7903.0
65,Тропы славы,1957,8.4,10000000,"['Epic', 'Psychological Drama', 'War Epic', 'Drama', 'War']",['Stanley Kubrick'],"['Kirk Douglas', 'Ralph Meeker', 'Adolphe Menjou']",88,8290.0
66,Сияние,1980,8.4,10000000,"['Psychological Drama', 'Psychological Horror', 'Supernatural Horror', 'Drama', 'Horror']",['Stanley Kubrick'],"['Jack Nicholson', 'Shelley Duvall', 'Danny Lloyd']",146,47964195.0
67,Великий диктатор,1940,8.4,10000000,"['Parody', 'Satire', 'Slapstick', 'Comedy', 'Drama', 'War']",['Charles Chaplin'],"['Charles Chaplin', 'Paulette Goddard', 'Jack Oakie']",125,972212.0
68,12-я неудача,2023,8.7,10000000,"['Docudrama', 'Biography', 'Drama']",['Vidhu Vinod Chopra'],"['Vikrant Massey', 'Medha Shankr', 'Anant Joshi']",147,138288.0
69,Бесславные ублюдки,2009,8.4,10000000,"['Dark Comedy', 'Period Drama', 'Adventure', 'Drama', 'War']",['Quentin Tarantino'],"['Brad Pitt', 'Diane Kruger', 'Eli Roth']",153,321460744.0
70,Чужие,1986,8.4,10000000,"['Alien Invasion', 'Cyberpunk', 'Monster Horror', 'Space Sci-Fi', 'Survival', 'Tragedy', 'Action', 'Adventure', 'Horror', 'Sci-Fi']",['James Cameron'],"['Sigourney Weaver', 'Michael Biehn', 'Carrie Henn']",137,131060248.0
71,Тёмный рыцарь: Возрождение легенды,2012,8.4,10000000,"['Action Epic', 'Epic', 'Superhero', 'Action', 'Crime', 'Drama', 'Thriller']",['Christopher Nolan'],"['Christian Bale', 'Tom Hardy', 'Anne Hathaway']",164,1114976407.0
72,Тайна Коко,2017,8.4,10000000,"['Computer Animation', 'Dark Comedy', 'Supernatural Fantasy', 'Adventure', 'Animation', 'Drama', 'Family', 'Fantasy', 'Music', 'Mystery']","['Lee Unkrich', 'Adrian Molina']","['Anthony Gonzalez', 'Gael García Bernal', 'Benjamin Bratt']",105,814641172.0
73,Амадей,1984,8.4,10000000,"['Costume Drama', 'Epic', 'Period Drama', 'Tragedy', 'Biography', 'Drama', 'Music']",['Milos Forman'],"['F. Murray Abraham', 'Tom Hulce', 'Elizabeth Berridge']",160,52114930.0
74,История игрушек,1995,8.3,10000000,"['Buddy Comedy', 'Computer Animation', 'Supernatural Fantasy', 'Urban Adventure', 'Adventure', 'Animation', 'Comedy', 'Family', 'Fantasy']",['John Lasseter'],"['Tom Hanks', 'Tim Allen', 'Don Rickles']",81,394436586.0
75,Мстители: Финал,2019,8.4,10000000,"['Space Sci-Fi', 'Superhero', 'Time Travel', 'Tragedy', 'Action', 'Adventure', 'Sci-Fi']","['Anthony Russo', 'Joe Russo']","['Robert Downey Jr.', 'Chris Evans', 'Mark Ruffalo']",181,2799439100.0
76,Умница Уилл Хантинг,1997,8.3,10000000,"['Coming-of-Age', 'Psychological Drama', 'Drama', 'Romance']",['Gus Van Sant'],"['Robin Williams', 'Matt Damon', 'Ben Affleck']",126,225933435.0
77,Олдбой,2003,8.3,10000000,"['Dark Comedy', 'One-Person Army Action', 'Psychological Drama', 'Psychological Thriller', 'Action', 'Drama', 'Mystery', 'Thriller']",['Park Chan-wook'],"['Choi Min-sik', 'Yoo Ji-tae', 'Kang Hye-jeong']",120,17617021.0
78,"Доктор Стрейнджлав, или Как я научился не волноваться и полюбил атомную бомбу",1964,8.3,10000000,"['Dark Comedy', 'Farce', 'Political Drama', 'Satire', 'Tragedy', 'Comedy', 'War']",['Stanley Kubrick'],"['Peter Sellers', 'George C. Scott', 'Sterling Hayden']",95,9631984.0
79,Подводная лодка,1981,8.4,10000000,"['Epic', 'War Epic', 'Drama', 'War']",['Wolfgang Petersen'],"['Jürgen Prochnow', 'Herbert Grönemeyer', 'Klaus Wennemann']",149,11489051.0
80,Храброе сердце,1995,8.3,10000000,"['Action Epic', 'Costume Drama', 'Epic', 'Period Drama', 'War Epic', 'Biography', 'Drama', 'War']",['Mel Gibson'],"['Mel Gibson', 'Sophie Marceau', 'Patrick McGoohan']",178,213216216.0
81,Красота по-американски,1999,8.3,10000000,"['Psychological Drama', 'Tragedy', 'Drama']",['Sam Mendes'],"['Kevin Spacey', 'Annette Bening', 'Thora Birch']",122,356296601.0
82,Принцесса Мононоке,1997,8.3,10000000,"['Action Epic', 'Adult Animation', 'Adventure Epic', 'Anime', 'Dark Fantasy', 'Fantasy Epic', 'Hand-Drawn Animation', 'Quest', 'Adventure', 'Animation']",['Hayao Miyazaki'],"['Yôji Matsuda', 'Yuriko Ishida', 'Yûko Tanaka']",133,177391897.0
83,Рай и ад,1963,8.4,10000000,"['Police Procedural', 'Crime', 'Drama', 'Mystery', 'Thriller']",['Akira Kurosawa'],"['Toshirô Mifune', 'Yutaka Sada', 'Tatsuya Nakadai']",143,64503.0
84,Твоё имя,2016,8.4,10000000,"['Anime', 'Shōjo', 'Animation', 'Drama', 'Fantasy', 'Romance']",['Makoto Shinkai'],"['Ryûnosuke Kamiki', 'Mone Kamishiraishi', 'Ryo Narita']",106,405340703.0
85,Три идиота,2009,8.4,10000000,"['Buddy Comedy', 'Coming-of-Age', 'Quirky Comedy', 'Comedy', 'Drama']",['Rajkumar Hirani'],"['Aamir Khan', 'Madhavan', 'Mona Singh']",170,60262836.0
86,Джокер,2019,8.3,10000000,"['Psychological Drama', 'Psychological Thriller', 'Tragedy', 'Crime', 'Drama', 'Thriller']",['Todd Phillips'],"['Joaquin Phoenix', 'Robert De Niro', 'Zazie Beetz']",122,1078958629.0
87,Однажды в Америке,1984,8.3,10000000,"['Dark Comedy', 'Epic', 'Gangster', 'Period Drama', 'Crime', 'Drama']",['Sergio Leone'],"['Robert De Niro', 'James Woods', 'Elizabeth McGovern']",229,5476126.0
88,Капернаум,2018,8.4,10000000,"['Coming-of-Age', 'Legal Drama', 'Drama']",['Nadine Labaki'],"['Zain Al Rafeea', 'Yordanos Shiferaw', 'Boluwatife Treasure Bankole']",126,64417003.0
89,Поющие под дождем,1952,8.3,10000000,"['Classic Musical', 'Feel-Good Romance', 'Jukebox Musical', 'Romantic Comedy', 'Satire', 'Comedy', 'Musical', 'Romance']","['Stanley Donen', 'Gene Kelly']","['Gene Kelly', '""Donald OConnor""', 'Debbie Reynolds']",103,2095646.0
90,Иди и смотри,1985,8.3,10000000,"['Epic', 'Period Drama', 'Tragedy', 'War Epic', 'Drama', 'Thriller', 'War']",['Elem Klimov'],"['Aleksey Kravchenko', 'Olga Mironova', 'Liubomiras Laucevicius']",142,20929648.0
91,Реквием по мечте,2000,8.3,10000000,"['Psychological Drama', 'Tragedy', 'Drama']",['Darren Aronofsky'],"['Ellen Burstyn', 'Jared Leto', 'Jennifer Connelly']",102,7391471.0
92,Звёздные войны: Эпизод 6 - Возвращение Джедая,1983,8.3,10000000,"['Action Epic', 'Adventure Epic', 'Dark Fantasy', 'Dystopian Sci-Fi', 'Epic', 'Fantasy Epic', 'Globetrotting Adventure', 'Quest', 'Sci-Fi Epic', 'Space Sci-Fi']",['Richard Marquand'],"['Mark Hamill', 'Harrison Ford', 'Carrie Fisher']",131,482466382.0
93,История игрушек: Большой побег,2010,8.3,10000000,"['Computer Animation', 'Supernatural Fantasy', 'Urban Adventure', 'Adventure', 'Animation', 'Comedy', 'Family', 'Fantasy']",['Lee Unkrich'],"['Tom Hanks', 'Tim Allen', 'Joan Cusack']",103,1067316101.0
94,Охота,2012,8.3,10000000,"['Psychological Drama', 'Tragedy', 'Drama']",['Thomas Vinterberg'],"['Mads Mikkelsen', 'Thomas Bo Larsen', 'Annika Wedderkopp']",115,15886373.0
95,Жить,1952,8.3,10000000,"['Psychological Drama', 'Tragedy', 'Drama']",['Akira Kurosawa'],"['Takashi Shimura', 'Nobuo Kaneko', '""Shinichi Himori""']",143,113821.0
96,Boзмутительный класс не прошёл экзамен,1975,8.7,10000000,"['Satire', 'Comedy']",['Ertem Egilmez'],"['Münir Özkul', 'Tarik Akan', 'Kemal Sunal']",95,
97,Вечное сияние чистого разума,2004,8.3,10000000,"['Dark Romance', 'Psychological Drama', 'Drama', 'Romance', 'Sci-Fi']",['Michel Gondry'],"['Jim Carrey', 'Kate Winslet', 'Tom Wilkinson']",108,73384095.0
98,2001 год: Космическая одиссея,1968,8.3,10000000,"['Adventure Epic', 'Artificial Intelligence', 'Epic', 'Psychological Drama', 'Sci-Fi Epic', 'Space Sci-Fi', 'Adventure', 'Sci-Fi']",['Stanley Kubrick'],"['Keir Dullea', 'Gary Lockwood', 'William Sylvester']",149,66852029.0
99,Пожары,2010,8.3,10000000,"['Suspense Mystery', 'Drama', 'Mystery', 'War']",['Denis Villeneuve'],"['Lubna Azabal', 'Mélissa Désormeaux-Poulin', 'Maxim Gaudette']",131,6797861.0
100,Бешеные псы,1992,8.3,10000000,"['Gangster', 'Heist', 'Crime', 'Thriller']",['Quentin Tarantino'],"['Harvey Keitel', 'Tim Roth', 'Michael Madsen']",99,2932006.0
101,Квартира,1960,8.3,10000000,"['Farce', 'Holiday Comedy', 'Holiday Romance', 'Romantic Comedy', 'Comedy', 'Drama', 'Holiday', 'Romance']",['Billy Wilder'],"['Jack Lemmon', 'Shirley MacLaine', 'Fred MacMurray']",125,18783770.0
102,Лоуренс Аравийский,1962,8.3,10000000,"['Adventure Epic', 'Desert Adventure', 'Epic', 'Tragedy', 'War Epic', 'Adventure', 'Biography', 'Drama', 'War']",['David Lean'],"['""Peter OToole""', 'Alec Guinness', 'Anthony Quinn']",227,45867005.0
103,Лицо со шрамом,1983,8.3,10000000,"['Drug Crime', 'Epic', 'Gangster', 'Tragedy', 'Crime', 'Drama']",['Brian De Palma'],"['Al Pacino', 'Michelle Pfeiffer', 'Steven Bauer']",170,66443303.0
104,Двойная страховка,1944,8.3,10000000,"['Film Noir', 'Hard-boiled Detective', 'Crime', 'Drama', 'Mystery', 'Thriller']",['Billy Wilder'],"['Fred MacMurray', 'Barbara Stanwyck', 'Edward G. Robinson']",107,21026.0
105,Схватка,1995,8.3,10000000,"['Action Epic', 'Cop Drama', 'Epic', 'Gangster', 'Heist', 'Action', 'Crime', 'Drama']",['Michael Mann'],"['Al Pacino', 'Robert De Niro', 'Val Kilmer']",170,187436818.0
106,На север через северо-запад,1959,8.3,10000000,"['Spy', 'Adventure', 'Drama', 'Mystery', 'Thriller']",['Alfred Hitchcock'],"['Cary Grant', 'Eva Marie Saint', 'James Mason']",136,197920.0
107,Вверх,2009,8.3,10000000,"['Coming-of-Age', 'Computer Animation', 'Globetrotting Adventure', 'Adventure', 'Animation', 'Comedy', 'Drama', 'Family']","['Pete Docter', 'Bob Peterson']","['Edward Asner', 'Jordan Nagai', 'John Ratzenberger']",96,735103954.0
108,Гражданин Кейн,1941,8.3,10000000,"['Epic', 'Period Drama', 'Tragedy', 'Drama', 'Mystery']",['Orson Welles'],"['Orson Welles', 'Joseph Cotten', 'Dorothy Comingore']",119,1711106.0
109,М убийца,1931,8.3,10000000,"['Psychological Thriller', 'Serial Killer', 'Suspense Mystery', 'Crime', 'Mystery', 'Thriller']",['Fritz Lang'],"['Peter Lorre', 'Ellen Widmann', 'Inge Landgut']",117,35566.0
110,Цельнометаллическая оболочка,1987,8.2,10000000,"['Dark Comedy', 'Period Drama', 'Drama', 'War']",['Stanley Kubrick'],"['Matthew Modine', 'R. Lee Ermey', '""Vincent DOnofrio""']",116,50193748.0
111,Головокружение,1958,8.2,10000000,"['Psychological Thriller', 'Tragedy', 'Mystery', 'Romance', 'Thriller']",['Alfred Hitchcock'],"['James Stewart', 'Kim Novak', 'Barbara Bel Geddes']",128,7971440.0
112,Амели,2001,8.3,10000000,"['Feel-Good Romance', 'Quirky Comedy', 'Romantic Comedy', 'Comedy', 'Romance']",['Jean-Pierre Jeunet'],"['Audrey Tautou', 'Mathieu Kassovitz', 'Rufus']",122,175183052.0
113,Развод Надера и Симин,2011,8.3,10000000,"['Legal Drama', 'Psychological Drama', 'Drama']",['Asghar Farhadi'],"['Payman Maadi', 'Leila Hatami', 'Sareh Bayat']",123,22926076.0
114,Звёздочки на земле,2007,8.3,10000000,"['Coming-of-Age', 'Drama', 'Family']",['Aamir Khan'],"['Darsheel Safary', 'Aamir Khan', 'Tisca Chopra']",162,21897373.0
115,Убить пересмешника,1962,8.3,10000000,"['Legal Drama', 'Period Drama', 'Crime', 'Drama']",['Robert Mulligan'],"['Gregory Peck', 'John Megna', 'Frank Overton']",129,602810.0
116,Заводной апельсин,1971,8.2,10000000,"['Dark Comedy', 'Dystopian Sci-Fi', 'Crime', 'Sci-Fi']",['Stanley Kubrick'],"['Malcolm McDowell', 'Patrick Magee', 'Michael Bates']",136,27034174.0
117,Крепкий орешек,1988,8.2,10000000,"['Disaster', 'One-Person Army Action', 'Action', 'Holiday', 'Thriller']",['John McTiernan'],"['Bruce Willis', 'Alan Rickman', 'Bonnie Bedelia']",132,143651650.0
118,Индиана Джонс и последний крестовый поход,1989,8.2,10000000,"['Adventure Epic', 'Desert Adventure', 'Globetrotting Adventure', 'Quest', 'Action', 'Adventure']",['Steven Spielberg'],"['Harrison Ford', 'Sean Connery', 'Alison Doody']",127,474171806.0
119,Афера,1973,8.2,10000000,"['Caper', 'Comedy', 'Crime', 'Drama']",['George Roy Hill'],"['Paul Newman', 'Robert Redford', 'Robert Shaw']",129,156000000.0
120,Оппенгеймер,2023,8.3,10000000,"['Docudrama', 'Epic', 'Historical Epic', 'Period Drama', 'Psychological Drama', 'Biography', 'Drama', 'History']",['Christopher Nolan'],"['Cillian Murphy', 'Emily Blunt', 'Matt Damon']",180,975811333.0
121,Метрополис,1927,8.3,10000000,"['Dystopian Sci-Fi', 'Epic', 'Sci-Fi Epic', 'Steampunk', 'Drama', 'Sci-Fi']",['Fritz Lang'],"['Brigitte Helm', 'Alfred Abel', 'Gustav Fröhlich']",153,1351009.0
122,Большой куш,2000,8.2,10000000,"['Caper', 'Dark Comedy', 'Gangster', 'Comedy', 'Crime']",['Guy Ritchie'],"['Jason Statham', 'Brad Pitt', 'Stephen Graham']",104,83557872.0
123,1917,2019,8.2,10000000,"['Epic', 'Period Drama', 'War Epic', 'Action', 'Drama', 'War']",['Sam Mendes'],"['Dean-Charles Chapman', 'George MacKay', 'Daniel Mays']",119,446064352.0
124,Секреты Лос-Анджелеса,1997,8.2,10000000,"['Conspiracy Thriller', 'Cop Drama', 'Hard-boiled Detective', 'Period Drama', 'Police Procedural', 'Suspense Mystery', 'Whodunnit', 'Crime', 'Drama', 'Mystery']",['Curtis Hanson'],"['Kevin Spacey', 'Russell Crowe', 'Guy Pearce']",138,126216940.0
125,Похитители велосипедов,1948,8.2,10000000,"['Tragedy', 'Drama']",['Vittorio De Sica'],"['Lamberto Maggiorani', 'Enzo Staiola', 'Lianella Carell']",89,451336.0
126,Бункер,2004,8.2,10000000,"['Docudrama', 'Political Drama', 'Tragedy', 'Biography', 'Drama', 'History', 'War']",['Oliver Hirschbiegel'],"['Bruno Ganz', 'Alexandra Maria Lara', 'Ulrich Matthes']",156,92181574.0
127,Дангал. Слово борца,2016,8.3,10000000,"['Coming-of-Age', 'Martial Arts', 'Action', 'Biography', 'Drama', 'Sport']",['Nitesh Tiwari'],"['Aamir Khan', 'Sakshi Tanwar', 'Fatima Sana Shaikh']",161,303726694.0
128,Волк с Уолл-стрит,2013,8.2,10000000,"['Dark Comedy', 'Docudrama', 'Epic', 'Raunchy Comedy', 'Satire', 'True Crime', 'Biography', 'Comedy', 'Crime', 'Drama']",['Martin Scorsese'],"['Leonardo DiCaprio', 'Jonah Hill', 'Margot Robbie']",180,407039432.0
129,Гамильтон,2020,8.3,10000000,"['Epic', 'Historical Epic', 'Biography', 'Drama', 'History', 'Musical']",['Thomas Kail'],"['Lin-Manuel Miranda', 'Phillipa Soo', 'Leslie Odom Jr.']",160,
130,Таксист,1976,8.2,10000000,"['Psychological Drama', 'Crime', 'Drama']",['Martin Scorsese'],"['Robert De Niro', 'Jodie Foster', 'Cybill Shepherd']",114,28737520.0
131,Зеленая книга,2018,8.2,10000000,"['Docudrama', 'Period Drama', 'Road Trip', 'Biography', 'Comedy', 'Drama', 'Music']",['Peter Farrelly'],"['Viggo Mortensen', 'Mahershala Ali', 'Linda Cardellini']",130,321752656.0
132,Бэтмен: Начало,2005,8.2,10000000,"['Action Epic', 'Epic', 'Superhero', 'Tragedy', 'Action', 'Crime', 'Drama', 'Thriller']",['Christopher Nolan'],"['Christian Bale', 'Michael Caine', 'Ken Watanabe']",140,375406308.0
133,На несколько долларов больше,1965,8.2,10000000,"['One-Person Army Action', 'Spaghetti Western', 'Drama', 'Western']",['Sergio Leone'],"['Clint Eastwood', 'Lee Van Cleef', 'Gian Maria Volontè']",132,15000000.0
134,Шоу Трумана,1998,8.2,10000000,"['Dark Comedy', 'High-Concept Comedy', 'Psychological Drama', 'Satire', 'Showbiz Drama', 'Comedy', 'Drama']",['Peter Weir'],"['Jim Carrey', 'Ed Harris', 'Laura Linney']",103,264118712.0
135,Нюрнбергский процесс,1961,8.3,10000000,"['Legal Drama', 'Drama', 'War']",['Stanley Kramer'],"['Spencer Tracy', 'Burt Lancaster', 'Richard Widmark']",179,12180.0
136,В джазе только девушки,1959,8.2,10000000,"['Buddy Comedy', 'Farce', 'Romantic Comedy', 'Satire', 'Screwball Comedy', 'Comedy', 'Music', 'Romance']",['Billy Wilder'],"['Marilyn Monroe', 'Tony Curtis', 'Jack Lemmon']",121,208786.0
137,Остров проклятых,2010,8.2,10000000,"['Psychological Thriller', 'Suspense Mystery', 'Drama', 'Mystery', 'Thriller']",['Martin Scorsese'],"['Leonardo DiCaprio', 'Emily Mortimer', 'Mark Ruffalo']",138,294978537.0
138,Малыш,1921,8.2,10000000,"['Buddy Comedy', 'Slapstick', 'Comedy', 'Drama', 'Family']",['Charles Chaplin'],"['Charles Chaplin', 'Edna Purviance', 'Jackie Coogan']",68,44115.0
139,Отец,2020,8.2,10000000,"['Psychological Drama', 'Drama', 'Mystery']",['Florian Zeller'],"['Anthony Hopkins', 'Olivia Colman', 'Mark Gatiss']",97,24048935.0
140,Всё о Еве,1950,8.2,10000000,"['Showbiz Drama', 'Drama']",['Joseph L. Mankiewicz'],"['Bette Davis', 'Anne Baxter', 'George Sanders']",138,154736.0
141,Парк юрского периода,1993,8.2,10000000,"['Dinosaur Adventure', 'Jungle Adventure', 'Action', 'Adventure', 'Sci-Fi', 'Thriller']",['Steven Spielberg'],"['Sam Neill', 'Laura Dern', 'Jeff Goldblum']",127,1104379926.0
142,Нефть,2007,8.2,10000000,"['Epic', 'Period Drama', 'Psychological Drama', 'Tragedy', 'Drama']",['Paul Thomas Anderson'],"['Daniel Day-Lewis', 'Paul Dano', 'Ciarán Hinds']",158,76430381.0
143,Шестое чувство,1999,8.2,10000000,"['Psychological Drama', 'Psychological Thriller', 'Suspense Mystery', 'Drama', 'Mystery', 'Thriller']",['M. Night Shyamalan'],"['Bruce Willis', 'Haley Joel Osment', 'Toni Collette']",107,672806432.0
144,Казино,1995,8.2,10000000,"['Docudrama', 'Epic', 'Gangster', 'True Crime', 'Crime', 'Drama']",['Martin Scorsese'],"['Robert De Niro', 'Sharon Stone', 'Joe Pesci']",178,116112375.0
145,Ран,1985,8.2,10000000,"['Epic', 'Period Drama', 'Samurai', 'Tragedy', 'War Epic', 'Action', 'Drama', 'War']",['Akira Kurosawa'],"['Tatsuya Nakadai', 'Akira Terao', 'Jinpachi Nezu']",160,4176838.0
146,Топ Ган. Мэверик,2022,8.2,10000000,"['Action Epic', 'Epic', 'Action', 'Drama']",['Joseph Kosinski'],"['Tom Cruise', 'Jennifer Connelly', 'Miles Teller']",130,1495696292.0
147,Старикам тут не место,2007,8.2,10000000,"['Contemporary Western', 'Psychological Thriller', 'Serial Killer', 'Crime', 'Drama', 'Thriller']","['Ethan Coen', 'Joel Coen']","['Tommy Lee Jones', 'Javier Bardem', 'Josh Brolin']",122,171632777.0
148,Нечто,1982,8.2,10000000,"['Alien Invasion', 'Body Horror', 'Monster Horror', 'Supernatural Horror', 'Tragedy', 'Horror', 'Mystery', 'Sci-Fi']",['John Carpenter'],"['Kurt Russell', 'Wilford Brimley', 'Keith David']",109,20836881.0
149,Лабиринт Фавна,2006,8.2,10000000,"['Coming-of-Age', 'Dark Fantasy', 'Fairy Tale', 'Period Drama', 'Supernatural Fantasy', 'Teen Fantasy', 'Tragedy', 'Drama', 'Fantasy', 'War']",['Guillermo del Toro'],"['Ivana Baquero', 'Ariadna Gil', 'Sergi López']",118,83863565.0
150,Непрощенный,1992,8.2,10000000,"['Period Drama', 'Tragedy', 'Drama', 'Western']",['Clint Eastwood'],"['Clint Eastwood', 'Gene Hackman', 'Morgan Freeman']",130,159167799.0
151,Игры разума,2001,8.2,10000000,"['Docudrama', 'Period Drama', 'Psychological Drama', 'Biography', 'Drama', 'Mystery']",['Ron Howard'],"['Russell Crowe', 'Ed Harris', 'Jennifer Connelly']",135,316791257.0
152,Убить Билла. Фильм 1,2003,8.2,10000000,"['Kung Fu', 'Martial Arts', 'One-Person Army Action', 'Action', 'Crime', 'Thriller']",['Quentin Tarantino'],"['Uma Thurman', 'David Carradine', 'Daryl Hannah']",111,180908413.0
153,Сокровища Сьерра Мадре,1948,8.2,10000000,"['Tragedy', 'Adventure', 'Drama', 'Western']",['John Huston'],"['Humphrey Bogart', 'Walter Huston', 'Tim Holt']",126,5014000.0
154,Пленницы,2013,8.2,10000000,"['Psychological Thriller', 'Suspense Mystery', 'Crime', 'Drama', 'Mystery', 'Thriller']",['Denis Villeneuve'],"['Hugh Jackman', 'Jake Gyllenhaal', 'Viola Davis']",153,122127446.0
155,Телохранитель,1961,8.2,10000000,"['One-Person Army Action', 'Period Drama', 'Samurai', 'Action', 'Drama', 'Thriller']",['Akira Kurosawa'],"['Toshirô Mifune', 'Eijirô Tôno', 'Tatsuya Nakadai']",110,68196.0
156,В поисках Немо,2003,8.2,10000000,"['Animal Adventure', 'Buddy Comedy', 'Computer Animation', 'Quest', 'Sea Adventure', 'Adventure', 'Animation', 'Comedy', 'Family']","['Andrew Stanton', 'Lee Unkrich']","['Albert Brooks', 'Ellen DeGeneres', 'Alexander Gould']",100,941637960.0
157,Ходячий замок,2004,8.2,10000000,"['Adventure Epic', 'Anime', 'Hand-Drawn Animation', 'Supernatural Fantasy', 'Adventure', 'Animation', 'Family', 'Fantasy']",['Hayao Miyazaki'],"['Chieko Baishô', 'Takuya Kimura', 'Tatsuya Gashûin']",119,240994056.0
158,Большой побег,1963,8.2,10000000,"['Epic', 'Period Drama', 'Prison Drama', 'War Epic', 'Adventure', 'Drama', 'Thriller', 'War']",['John Sturges'],"['Steve McQueen', 'James Garner', 'Richard Attenborough']",172,230637.0
159,Монти Пайтон и священный Грааль,1975,8.2,10000000,"['Farce', 'Parody', 'Quest', 'Satire', 'Sketch Comedy', 'Slapstick', 'Sword & Sorcery', 'Adventure', 'Comedy', 'Fantasy']","['Terry Gilliam', 'Terry Jones']","['Graham Chapman', 'John Cleese', 'Eric Idle']",91,2931902.0
160,Человек-слон,1980,8.2,10000000,"['Docudrama', 'Period Drama', 'Tragedy', 'Biography', 'Drama']",['David Lynch'],"['Anthony Hopkins', 'John Hurt', 'Anne Bancroft']",124,26034325.0
161,В случае убийства набирайте «М»,1954,8.2,10000000,"['Crime', 'Drama', 'Mystery', 'Thriller']",['Alfred Hitchcock'],"['Ray Milland', 'Grace Kelly', 'Robert Cummings']",105,45313.0
162,Клаус,2019,8.2,10000000,"['Hand-Drawn Animation', 'Holiday Animation', 'Holiday Comedy', 'Holiday Family', 'Adventure', 'Animation', 'Comedy', 'Family', 'Fantasy', 'Holiday']","['Sergio Pablos', 'Carlos Martínez López']","['Jason Schwartzman', 'J.K. Simmons', 'Rashida Jones']",96,
163,Унесенные ветром,1939,8.2,10000000,"['Costume Drama', 'Epic', 'Period Drama', 'Romantic Epic', 'Tragic Romance', 'War Epic', 'Drama', 'Romance', 'War']",['Victor Fleming'],"['Clark Gable', 'Vivien Leigh', 'Thomas Mitchell']",238,402382193.0
164,Расёмон,1950,8.2,10000000,"['Period Drama', 'Crime', 'Drama', 'Mystery']",['Akira Kurosawa'],"['Toshirô Mifune', 'Machiko Kyô', 'Masayuki Mori']",88,139819.0
165,Китайский квартал,1974,8.1,10000000,"['Conspiracy Thriller', 'Hard-boiled Detective', 'Psychological Drama', 'Psychological Thriller', 'Tragedy', 'Drama', 'Mystery', 'Thriller']",['Roman Polanski'],"['Jack Nicholson', 'Faye Dunaway', 'John Huston']",130,29232172.0
166,Тайна в его глазах,2009,8.2,10000000,"['Dark Romance', 'Erotic Thriller', 'Legal Thriller', 'Period Drama', 'Psychological Drama', 'Psychological Thriller', 'Suspense Mystery', 'Tragedy', 'Whodunnit', 'Drama']",['Juan José Campanella'],"['Ricardo Darín', 'Soledad Villamil', 'Pablo Rago']",129,35079650.0
167,"Карты, деньги, два ствола",1998,8.1,10000000,"['Dark Comedy', 'Farce', 'Gangster', 'Heist', 'Comedy', 'Crime']",['Guy Ritchie'],"['Jason Flemyng', 'Dexter Fletcher', 'Nick Moran']",107,3753929.0
168,«V» значит Вендетта,2005,8.1,10000000,"['Dystopian Sci-Fi', 'Political Thriller', 'Superhero', 'Action', 'Drama', 'Sci-Fi', 'Thriller']",['James McTeigue'],"['Hugo Weaving', 'Natalie Portman', 'Rupert Graves']",132,134686457.0
169,Головоломка,2015,8.1,10000000,"['Coming-of-Age', 'Computer Animation', 'Adventure', 'Animation', 'Comedy', 'Drama', 'Family', 'Fantasy']","['Pete Docter', 'Ronnie Del Carmen']","['Amy Poehler', 'Bill Hader', 'Lewis Black']",95,859076254.0
170,"Три билборда на границе Эббинга, Миссури",2017,8.1,10000000,"['Dark Comedy', 'Satire', 'Comedy', 'Crime', 'Drama']",['Martin McDonagh'],"['Frances McDormand', 'Woody Harrelson', 'Sam Rockwell']",115,162729321.0
171,Мост через реку Квай,1957,8.1,10000000,"['Jungle Adventure', 'War Epic', 'Adventure', 'Drama', 'War']",['David Lean'],"['William Holden', 'Alec Guinness', 'Jack Hawkins']",161,27201366.0
172,На игле,1996,8.1,10000000,"['Dark Comedy', 'Psychological Drama', 'Drama']",['Danny Boyle'],"['Ewan McGregor', 'Ewen Bremner', 'Jonny Lee Miller']",93,16992984.0
173,"Поймай меня, если сможешь",2002,8.1,10000000,"['Caper', 'Coming-of-Age', 'Docudrama', 'Globetrotting Adventure', 'Period Drama', 'True Crime', 'Biography', 'Crime', 'Drama']",['Steven Spielberg'],"['Leonardo DiCaprio', 'Tom Hanks', 'Christopher Walken']",141,352114312.0
174,Бешеный бык,1980,8.1,10000000,"['Boxing', 'Docudrama', 'Period Drama', 'Biography', 'Drama', 'Sport']",['Martin Scorsese'],"['Robert De Niro', 'Cathy Moriarty', 'Joe Pesci']",129,23405883.0
175,Дикий робот,2024,8.2,10000000,"['Artificial Intelligence', 'Computer Animation', 'Survival', 'Animation', 'Sci-Fi']",['Chris Sanders'],"['""Lupita Nyongo""', 'Pedro Pascal', 'Kit Connor']",102,333165945.0
176,Фарго,1996,8.1,10000000,"['Cop Drama', 'Dark Comedy', 'Police Procedural', 'Tragedy', 'Crime', 'Drama', 'Thriller']","['Joel Coen', 'Ethan Coen']","['William H. Macy', 'Frances McDormand', 'Steve Buscemi']",98,60611975.0
177,Воин,2011,8.1,10000000,"['Boxing', 'Action', 'Drama', 'Sport']","['""Gavin OConnor""']","['Tom Hardy', 'Nick Nolte', 'Joel Edgerton']",140,23308615.0
178,Гарри Поттер и Дары смерти: Часть II,2011,8.1,10000000,"['Dark Fantasy', 'Fantasy Epic', 'Teen Adventure', 'Teen Fantasy', 'Adventure', 'Family', 'Fantasy', 'Mystery']",['David Yates'],"['Daniel Radcliffe', 'Emma Watson', 'Rupert Grint']",130,1439798701.0
179,Гран Торино,2008,8.1,10000000,['Drama'],['Clint Eastwood'],"['Clint Eastwood', 'Bee Vang', 'Christopher Carley']",116,269958228.0
180,Малышка на миллион,2004,8.1,10000000,"['Boxing', 'Tragedy', 'Drama', 'Sport']",['Clint Eastwood'],"['Hilary Swank', 'Clint Eastwood', 'Morgan Freeman']",132,216763646.0
181,Бен-Гур,1959,8.1,10000000,"['Adventure Epic', 'Epic', 'Period Drama', 'Sword & Sandal', 'Adventure', 'Drama']",['William Wyler'],"['Charlton Heston', 'Jack Hawkins', 'Stephen Boyd']",212,74439376.0
182,Безумный Макс: Дорога ярости,2015,8.1,10000000,"['Action Epic', 'Adventure Epic', 'Car Action', 'Desert Adventure', 'Dystopian Sci-Fi', 'Epic', 'Quest', 'Road Trip', 'Action', 'Adventure']",['George Miller'],"['Tom Hardy', 'Charlize Theron', 'Nicholas Hoult']",120,380437267.0
183,Мой сосед Тоторо,1988,8.1,10000000,"['Anime', 'Hand-Drawn Animation', 'Iyashikei', 'Animation', 'Comedy', 'Family', 'Fantasy']",['Hayao Miyazaki'],"['Hitoshi Takagi', 'Noriko Hidaka', 'Chika Sakamoto']",86,30413105.0
184,Барри Линдон,1975,8.1,10000000,"['Costume Drama', 'Dark Comedy', 'Epic', 'Period Drama', 'Adventure', 'Drama', 'War']",['Stanley Kubrick'],"['""Ryan ONeal""', 'Marisa Berenson', 'Patrick Magee']",185,283918.0
185,Человек-паук: Нет пути домой,2021,8.2,10000000,"['Superhero', 'Supernatural Fantasy', 'Urban Adventure', 'Action', 'Adventure', 'Fantasy', 'Sci-Fi']",['Jon Watts'],"['Tom Holland', 'Zendaya', 'Benedict Cumberbatch']",148,1921426073.0
186,Общество мёртвых поэтов,1989,8.1,10000000,"['Coming-of-Age', 'Teen Drama', 'Comedy', 'Drama']",['Peter Weir'],"['Robin Williams', 'Robert Sean Leonard', 'Ethan Hawke']",128,235860116.0
187,Дети небес,1997,8.2,10000000,"['Drama', 'Family', 'Sport']",['Majid Majidi'],"['Reza Naji', 'Amir Farrokh Hashemian', 'Bahare Seddiqi']",89,933933.0
188,12 лет рабства,2013,8.1,10000000,"['Costume Drama', 'Docudrama', 'Epic', 'Period Drama', 'Tragedy', 'Biography', 'Drama', 'History']",['Steve McQueen'],"['Chiwetel Ejiofor', 'Michael Kenneth Williams', 'Michael Fassbender']",134,187734091.0
189,Перед рассветом,1995,8.1,10000000,"['Comedy', 'Drama', 'Romance']",['Richard Linklater'],"['Ethan Hawke', 'Julie Delpy', 'Andrea Eckert']",101,6568450.0
190,Отель «Гранд Будапешт»,2014,8.1,10000000,"['Quirky Comedy', 'Comedy', 'Drama']",['Wes Anderson'],"['Ralph Fiennes', 'F. Murray Abraham', 'Mathieu Amalric']",99,174567384.0
191,По соображениям совести,2016,8.1,10000000,"['Docudrama', 'Epic', 'Period Drama', 'War Epic', 'Biography', 'Drama', 'History', 'War']",['Mel Gibson'],"['Andrew Garfield', 'Sam Worthington', 'Luke Bracey']",139,180563636.0
192,Бегущий по лезвию,1982,8.1,10000000,"['Artificial Intelligence', 'Cyber Thriller', 'Cyberpunk', 'Dystopian Sci-Fi', 'Action', 'Drama', 'Sci-Fi', 'Thriller']",['Ridley Scott'],"['Harrison Ford', 'Rutger Hauer', 'Sean Young']",117,41767218.0
193,Исчезнувшая,2014,8.1,10000000,"['Erotic Thriller', 'Psychological Drama', 'Psychological Thriller', 'Suspense Mystery', 'Tragedy', 'Whodunnit', 'Drama', 'Mystery', 'Thriller']",['David Fincher'],"['Ben Affleck', 'Rosamund Pike', 'Neil Patrick Harris']",149,370890259.0
194,Воспоминания об убийстве,2003,8.1,10000000,"['Dark Comedy', 'Police Procedural', 'Serial Killer', 'True Crime', 'Crime', 'Drama', 'Mystery', 'Thriller']",['Bong Joon Ho'],"['Song Kang-ho', 'Kim Sang-kyung', 'Kim Roe-ha']",131,1210156.0
195,Рататуй,2007,8.1,10000000,"['Animal Adventure', 'Computer Animation', 'Satire', 'Adventure', 'Animation', 'Comedy', 'Family', 'Fantasy']","['Brad Bird', 'Jan Pinkava']","['Brad Garrett', 'Lou Romano', 'Patton Oswalt']",111,623730087.0
196,Корпорация монстров,2001,8.1,10000000,"['Buddy Comedy', 'Computer Animation', 'Satire', 'Slapstick', 'Supernatural Fantasy', 'Urban Adventure', 'Adventure', 'Animation', 'Comedy', 'Family']","['Pete Docter', 'David Silverman', 'Lee Unkrich']","['Billy Crystal', 'John Goodman', 'Mary Gibbs']",92,579770299.0
197,Во имя отца,1993,8.1,10000000,"['Docudrama', 'Legal Drama', 'Period Drama', 'Prison Drama', 'Tragedy', 'True Crime', 'Biography', 'Crime', 'Drama']",['Jim Sheridan'],"['Daniel Day-Lewis', 'Pete Postlethwaite', 'Alison Crosbie']",133,65796862.0
198,Как приручить дракона,2010,8.1,10000000,"['Computer Animation', 'Sword & Sorcery', 'Teen Fantasy', 'Action', 'Adventure', 'Animation', 'Family', 'Fantasy']","['Dean DeBlois', 'Chris Sanders']","['Jay Baruchel', 'Gerard Butler', 'Christopher Mintz-Plasse']",98,494879860.0
199,Дикие истории,2014,8.1,10000000,"['Dark Comedy', 'Comedy', 'Drama', 'Thriller']",['Damián Szifron'],"['Darío Grandinetti', 'María Marull', 'Mónica Villa']",122,31478893.0
200,Золотая лихорадка,1925,8.1,10000000,"['Farce', 'Feel-Good Romance', 'Romantic Comedy', 'Slapstick', 'Adventure', 'Comedy', 'Drama', 'Romance', 'Western']",['Charles Chaplin'],"['Charles Chaplin', 'Mack Swain', 'Tom Murray']",95,33626.0
201,Шерлок младший,1924,8.2,10000000,"['Bumbling Detective', 'Farce', 'Feel-Good Romance', 'Slapstick', 'Action', 'Comedy', 'Romance']",['Buster Keaton'],"['Buster Keaton', 'Kathryn McGuire', 'Joe Keaton']",45,399.0
202,Челюсти,1975,8.1,10000000,"['Monster Horror', 'Sea Adventure', 'Survival', 'Adventure', 'Drama', 'Horror', 'Thriller']",['Steven Spielberg'],"['Roy Scheider', 'Robert Shaw', 'Richard Dreyfuss']",124,477916625.0
203,Мэри и Макс,2009,8.1,10000000,"['Adult Animation', 'Coming-of-Age', 'Dark Comedy', 'Stop Motion Animation', 'Animation', 'Comedy', 'Drama']",['Adam Elliot'],"['Toni Collette', 'Philip Seymour Hoffman', 'Eric Bana']",92,1740791.0
204,Охотник на оленей,1978,8.1,10000000,"['Epic', 'War Epic', 'Drama', 'War']",['Michael Cimino'],"['Robert De Niro', 'Christopher Walken', 'John Cazale']",183,49080312.0
205,Ford против Ferrari,2019,8.1,10000000,"['Docudrama', 'Motorsport', 'Period Drama', 'Action', 'Biography', 'Drama', 'Sport']",['James Mangold'],"['Matt Damon', 'Christian Bale', 'Jon Bernthal']",152,226299480.0
206,Паровоз Генерал,1926,8.1,10000000,"['Farce', 'Slapstick', 'Action', 'Adventure', 'Comedy', 'Drama', 'War']","['Clyde Bruckman', 'Buster Keaton']","['Buster Keaton', 'Marion Mack', 'Glen Cavender']",78,1344.0
207,Плата за страх,1953,8.1,10000000,"['Psychological Drama', 'Survival', 'Adventure', 'Drama', 'Thriller']",['Henri-Georges Clouzot'],"['Yves Montand', 'Charles Vanel', 'Peter van Eyck']",156,22326.0
208,Мистер Смит едет в Вашингтон,1939,8.1,10000000,"['Political Drama', 'Comedy', 'Drama']",['Frank Capra'],"['James Stewart', 'Jean Arthur', 'Claude Rains']",129,146123.0
209,В порту,1954,8.1,10000000,"['Legal Drama', 'Legal Thriller', 'Crime', 'Drama', 'Thriller']",['Elia Kazan'],"['Marlon Brando', 'Karl Malden', 'Lee J. Cobb']",108,3768.0
210,Земляничная поляна,1957,8.1,10000000,"['Psychological Drama', 'Drama', 'Romance']",['Ingmar Bergman'],"['Victor Sjöström', 'Bibi Andersson', 'Ingrid Thulin']",92,81070.0
211,Логан,2017,8.1,10000000,"['Dystopian Sci-Fi', 'Road Trip', 'Superhero', 'Action', 'Drama', 'Sci-Fi', 'Thriller']",['James Mangold'],"['Hugh Jackman', 'Patrick Stewart', 'Dafne Keen']",137,619180476.0
212,Рокки,1976,8.1,10000000,"['Boxing', 'Drama', 'Sport']",['John G. Avildsen'],"['Sylvester Stallone', 'Talia Shire', 'Burt Young']",120,117253345.0
213,Третий человек,1949,8.1,10000000,"['Film Noir', 'Hard-boiled Detective', 'Whodunnit', 'Drama', 'Mystery', 'Thriller']",['Carol Reed'],"['Orson Welles', 'Joseph Cotten', 'Alida Valli']",104,1406393.0
214,Токийская повесть,1953,8.1,10000000,"['Psychological Drama', 'Drama']",['Yasujirô Ozu'],"['Chishû Ryû', 'Chieko Higashiyama', 'Sô Yamamura']",137,93091.0
215,В центре внимания,2015,8.1,10000000,"['Docudrama', 'Legal Drama', 'Period Drama', 'True Crime', 'Workplace Drama', 'Biography', 'Crime', 'Drama']",['Tom McCarthy'],"['Mark Ruffalo', 'Michael Keaton', 'Rachel McAdams']",129,98690254.0
216,Большой Лебовски,1998,8.1,10000000,"['Buddy Comedy', 'Drug Crime', 'Satire', 'Stoner Comedy', 'Comedy', 'Crime']","['Joel Coen', 'Ethan Coen']","['Jeff Bridges', 'John Goodman', 'Julianne Moore']",117,48261691.0
217,Терминатор,1984,8.1,10000000,"['Artificial Intelligence', 'Cyberpunk', 'Dystopian Sci-Fi', 'Time Travel', 'Urban Adventure', 'Action', 'Adventure', 'Sci-Fi']",['James Cameron'],"['Arnold Schwarzenegger', 'Linda Hamilton', 'Michael Biehn']",107,78371200.0
218,Махараджа,2024,8.4,10000000,"['One-Person Army Action', 'Action', 'Crime', 'Drama', 'Thriller']",['Nithilan Saminathan'],"['Vijay Sethupathi', 'Anurag Kashyap', 'Mamta Mohandas']",141,975543.0
219,Седьмая печать,1957,8.1,10000000,"['Psychological Drama', 'Drama', 'Fantasy']",['Ingmar Bergman'],"['Max von Sydow', 'Gunnar Björnstrand', 'Bengt Ekerot']",96,312104.0
220,Пираты Карибского моря: Проклятие Чёрной жемчужины,2003,8.1,10000000,"['Sea Adventure', 'Supernatural Fantasy', 'Swashbuckler', 'Sword & Sandal', 'Action', 'Adventure', 'Fantasy']",['Gore Verbinski'],"['Johnny Depp', 'Geoffrey Rush', 'Orlando Bloom']",143,654264546.0
221,Комната,2015,8.1,10000000,"['Psychological Drama', 'Drama', 'Thriller']",['Lenny Abrahamson'],"['Brie Larson', 'Jacob Tremblay', 'Sean Bridgers']",118,35402766.0
222,Ненависть,1995,8.1,10000000,"['Gangster', 'Psychological Drama', 'Crime', 'Drama']",['Mathieu Kassovitz'],"['Vincent Cassel', 'Hubert Koundé', 'Saïd Taghmaoui']",98,760243.0
223,Да прольётся свет,2021,8.6,10000000,"['Legal Drama', 'Crime', 'Drama']",['T.J. Gnanavel'],"['Suriya', 'Lijo Mol Jose', 'Manikandan K.']",164,
224,Отель «Руанда»,2004,8.1,10000000,"['Docudrama', 'Epic', 'Biography', 'Drama', 'History', 'War']",['Terry George'],"['Don Cheadle', 'Sophie Okonedo', 'Joaquin Phoenix']",121,33882243.0
225,Взвод,1986,8.1,10000000,"['Drama', 'War']",['Oliver Stone'],"['Charlie Sheen', 'Tom Berenger', 'Willem Dafoe']",120,138546255.0
226,Лучшие годы нашей жизни,1946,8.1,10000000,"['Epic', 'Feel-Good Romance', 'Drama', 'Romance', 'War']",['William Wyler'],"['Myrna Loy', 'Dana Andrews', 'Fredric March']",170,23667133.0
227,Я все еще здесь,2024,8.2,10000000,"['Docudrama', 'Period Drama', 'Political Drama', 'Biography', 'Drama', 'History']",['Walter Salles'],"['Fernanda Torres', 'Fernanda Montenegro', 'Selton Mello']",137,36092774.0
228,Перед закатом,2004,8.1,10000000,"['Feel-Good Romance', 'Drama', 'Romance']",['Richard Linklater'],"['Ethan Hawke', 'Julie Delpy', 'Vernon Dobtcheff']",80,16506532.0
229,Изгоняющий дьявола,1973,8.1,10000000,"['Body Horror', 'Psychological Drama', 'Psychological Horror', 'Supernatural Horror', 'Tragedy', 'Horror']",['William Friedkin'],"['Ellen Burstyn', 'Max von Sydow', 'Linda Blair']",122,430872776.0
230,Звуки музыки,1965,8.1,10000000,"['Classic Musical', 'Epic', 'Period Drama', 'Biography', 'Drama', 'Family', 'Musical', 'Romance']",['Robert Wise'],"['Julie Andrews', 'Christopher Plummer', 'Eleanor Parker']",172,159500547.0
231,Страсти Жанны д'Арк,1928,8.1,10000000,"['Legal Drama', 'Period Drama', 'Psychological Drama', 'Tragedy', 'Biography', 'Drama', 'History']",['Carl Theodor Dreyer'],"['Maria Falconetti', 'Eugene Silvain', 'André Berley']",110,22731.0
232,Волшебник страны Оз,1939,8.1,10000000,"['Adventure Epic', 'Classic Musical', 'Fairy Tale', 'Fantasy Epic', 'Quest', 'Adventure', 'Family', 'Fantasy', 'Musical']","['Victor Fleming', 'King Vidor']","['Judy Garland', 'Frank Morgan', 'Ray Bolger']",102,25637669.0
233,Суперсемейка,2004,8.0,10000000,"['Computer Animation', 'Superhero', 'Action', 'Adventure', 'Animation', 'Family']",['Brad Bird'],"['Craig T. Nelson', 'Samuel L. Jackson', 'Holly Hunter']",115,631688498.0
234,Хатико: самый верный друг,2009,8.1,10000000,"['Animal Adventure', 'Biography', 'Drama', 'Family']",['Lasse Hallström'],"['Richard Gere', 'Joan Allen', 'Cary-Hiroyuki Tagawa']",93,46749646.0
235,Гонка,2013,8.1,10000000,"['Docudrama', 'Motorsport', 'Period Drama', 'Biography', 'Drama', 'Sport']",['Ron Howard'],"['Daniel Brühl', 'Chris Hemsworth', 'Olivia Wilde']",123,96992516.0
236,Останься со мной,1986,8.1,10000000,"['Coming-of-Age', 'Dark Comedy', 'Quest', 'Adventure', 'Comedy', 'Drama']",['Rob Reiner'],"['Wil Wheaton', 'River Phoenix', 'Corey Feldman']",89,53525035.0
237,Мой отец и мой сын,2005,8.2,10000000,"['Coming-of-Age', 'Political Drama', 'Drama', 'Family']",['Çagan Irmak'],"['Çetin Tekindor', 'Fikret Kuskan', 'Hümeyra']",112,18612999.0
238,Телесеть,1976,8.1,10000000,"['Dark Comedy', 'Workplace Drama', 'Drama']",['Sidney Lumet'],"['Faye Dunaway', 'William Holden', 'Peter Finch']",121,23701317.0
239,Стальной гигант,1999,8.1,10000000,"['Alien Invasion', 'Artificial Intelligence', 'Hand-Drawn Animation', 'High-Concept Comedy', 'Kaiju', 'Space Sci-Fi', 'Action', 'Adventure', 'Animation', 'Comedy']",['Brad Bird'],"['Eli Marienthal', 'Harry Connick Jr.', 'Jennifer Aniston']",86,23338352.0
240,Служанка,2016,8.1,10000000,"['Dark Romance', 'Erotic Thriller', 'Psychological Thriller', 'Steamy Romance', 'Drama', 'Romance', 'Thriller']",['Park Chan-wook'],"['Kim Min-hee', 'Ha Jung-woo', 'Cho Jin-woong']",145,37863670.0
241,Форма голоса,2016,8.1,10000000,"['Anime', 'Coming-of-Age', 'Psychological Drama', 'Shōnen', 'Slice of Life', 'Animation', 'Drama']",['Naoko Yamada'],"['Miyu Irino', 'Saori Hayami', 'Aoi Yûki']",130,30819442.0
242,Быть или не быть,1942,8.1,10000000,"['Screwball Comedy', 'Comedy', 'Romance', 'War']",['Ernst Lubitsch'],"['Carole Lombard', 'Jack Benny', 'Robert Stack']",99,4578000.0
243,Битва за Алжир,1966,8.1,10000000,"['Docudrama', 'Political Drama', 'Drama', 'War']",['Gillo Pontecorvo'],"['Brahim Hadjadj', 'Jean Martin', 'Yacef Saadi']",121,962002.0
244,Гроздья гнева,1940,8.1,10000000,"['Period Drama', 'Tragedy', 'Drama']",['John Ford'],"['Henry Fonda', 'Jane Darwell', 'John Carradine']",129,7304.0
245,В диких условиях,2007,8.0,10000000,"['Coming-of-Age', 'Docudrama', 'Road Trip', 'Survival', 'Tragedy', 'Adventure', 'Biography', 'Drama']",['Sean Penn'],"['Emile Hirsch', 'Vince Vaughn', 'Catherine Keener']",148,56676733.0
246,День сурка,1993,8.0,10000000,"['Feel-Good Romance', 'High-Concept Comedy', 'Holiday Comedy', 'Holiday Romance', 'Romantic Comedy', 'Comedy', 'Drama', 'Fantasy', 'Romance']",['Harold Ramis'],"['Bill Murray', 'Andie MacDowell', 'Chris Elliott']",101,71108778.0
247,Прислуга,2011,8.1,10000000,"['Period Drama', 'Drama']",['Tate Taylor'],"['Viola Davis', 'Emma Stone', 'Octavia Spencer']",146,221802186.0
248,Сука любовь,2000,8.0,10000000,"['Tragedy', 'Drama', 'Thriller']",['Alejandro G. Iñárritu'],"['Emilio Echevarría', 'Gael García Bernal', 'Goya Toledo']",154,20908467.0
249,Видимость,2015,8.2,10000000,"['Suspense Mystery', 'Crime', 'Drama', 'Mystery', 'Thriller']",['Nishikant Kamat'],"['Ajay Devgn', 'Shriya Saran', 'Tabu']",163,
250,Ребекка,1940,8.1,10000000,"['Dark Romance', 'Psychological Drama', 'Psychological Thriller', 'Suspense Mystery', 'Drama', 'Mystery', 'Romance', 'Thriller']",['Alfred Hitchcock'],"['Laurence Olivier', 'Joan Fontaine', 'George Sanders']",130,113328.0
